Index,Title,Rating,Views,Duration,Genre
1,1. Mufasa: The Lion King,6.6, (59K),1h 58m,Animation
2,2. Moana 2,6.6, (99K),1h 40m,Animation
3,3. Flow,7.9, (70K),1h 25m,Animation
4,4. The Wild Robot,8.2, (159K),1h 42m,Animation
5,5. The Day the Earth Blew Up: A Looney Tunes Movie,7.0, (3.7K),1h 31m,Animation
6,6. Solo Leveling: ReAwakening,8.8, (11K),2h 1m,Animation
7,7. Despicable Me 4,6.2, (65K),1h 34m,Animation
8,8. Transformers One,7.6, (49K),1h 44m,Animation
9,9. The Lord of the Rings: The War of the Rohirrim,6.3, (30K),2h 14m,Animation
10,10. Inside Out 2,7.5, (215K),1h 36m,Animation
11,11. IF,6.4, (58K),1h 44m,Animation
12,12. Memoir of a Snail,7.8, (17K),1h 35m,Animation
13,13. Kung Fu Panda 4,6.3, (68K),1h 34m,Animation
14,14. Spermageddon,5.8, (774),1h 20m,Animation
15,15. Attack on Titan the Movie: The Last Attack,9.2, (15K),2h 25m,Animation
16,16. The Garfield Movie,5.7, (24K),1h 41m,Animation
17,17. Spellbound,5.6, (7.2K),1h 49m,Animation
18,18. Harold and the Purple Crayon,5.7, (8.2K),1h 30m,Animation
19,19. Wallace & Gromit: Vengeance Most Fowl,7.5, (34K),1h 22m,Animation
20,20. Night of the Zoopocalypse,6.1, (537),1h 31m,Animation
21,21. Watchmen: Chapter I,7.0, (6.5K),1h 23m,Animation
22,22. Look Back,7.8, (15K),"7.8
 (15K)
Rate
Mark as watched",Animation
23,23. Piece by Piece,6.9, (5.3K),1h 33m,Animation
24,24. Watchmen: Chapter II,7.0, (2.9K),1h 30m,Animation
25,25. The Remarkable Life of Ibelin,8.2, (12K),1h 43m,Animation
26,26. Hitpig,5.1, (912),1h 26m,Animation
27,27. Thelma the Unicorn,5.7, (2.9K),1h 33m,Animation
28,28. Megamind vs. The Doom Syndicate,2.5, (5.5K),1h 23m,Animation
29,29. Orion and the Dark,6.3, (17K),1h 33m,Animation
30,30. Dongeng Sang Kancil,6.7, (162),1h 39m,Animation
31,31. The Most Precious of Cargoes,7.1, (878),1h 21m,Animation
32,32. The Glassworker,7.4, (1.7K),1h 38m,Animation
33,33. Overlord: The Sacred Kingdom,6.9, (905),2h 15m,Animation
34,34. Justice League: Crisis on Infinite Earths - Part One,6.2, (8.4K),1h 33m,Animation
35,35. Justice League: Crisis on Infinite Earths - Part Three,6.1, (4.5K),1h 34m,Animation
36,36. Grand Theft Hamlet,6.9, (1.8K),1h 29m,Animation
37,37. The Colors Within,7.1, (933),1h 41m,Animation
38,38. Buffalo Kids,6.6, (671),1h 33m,Animation
39,39. Saving Bikini Bottom: The Sandy Cheeks Movie,3.7, (3.8K),1h 22m,Animation
40,40. Ultraman: Rising,6.9, (6.3K),1h 57m,Animation
41,41. My Hero Academia: You're Next,7.0, (2K),1h 50m,Animation
42,42. That Christmas,6.8, (17K),1h 31m,Animation
43,43. Dan Da Dan: First Encounter,8.2, (2.7K),1h 23m,Animation
44,44. 200% Wolf,5.9, (1.3K),1h 38m,Animation
45,45. Limonov: The Ballad of Eddie,6.0, (777),2h 18m,Animation
46,46. Woody Woodpecker Goes to Camp,4.5, (2.6K),1h 40m,Animation
47,47. The Tiger's Apprentice,5.7, (2.2K),1h 24m,Animation
48,48. Justice League: Crisis on Infinite Earths - Part Two,5.5, (5.3K),1h 34m,Animation
49,49. White Snake: Afloat,6.9, (467),2h 13m,Animation
50,50. Mononoke the Movie: The Phantom in the Rain,6.8, (1.2K),1h 29m,Animation
51,51. Doraemon the Movie: Nobita's Earth Symphony,6.6, (1.5K),1h 55m,Animation
52,52. Dragonkeeper,5.7, (1.7K),1h 38m,Animation
53,53. Savages,6.8, (325),1h 27m,Animation
54,54. Re: Zero - Starting Life in Another World- Season 3 Episode 1 90-minute Special 'Theatrical Malice',8.7, (1.1K),1h 30m,Animation
55,55. Crayon Shin-chan: Ora's Dinosaur Diary,6.4, (338),1h 46m,Animation
56,56. Mars,8.9, (21),1h 24m,Animation
57,57. Given 3: To the Sea,8.7, (38),1h 20m,Animation
58,58. Haikyu!! The Dumpster Battle,7.7, (6.1K),1h 25m,Animation
59,59. Demon Slayer: Kimetsu No Yaiba - To the Hashira Training,7.1, (8.4K),1h 44m,Animation
60,60. Frida,7.5, (1.5K),1h 27m,Animation
61,61. The Night Before Christmas in Wonderland,6.3, (512),1h 20m,Animation
62,62. Johnny Puff: Secret Mission,4.8, (445),1h 27m,Animation
63,63. No Time to Spy: A Loud House Movie,6.4, (445),1h 21m,Animation
64,64. Movie Given Hiiragi Mix.,7.5, (160),1h 10m,Animation
65,65. A Sloth Story,5.6, (204),1h 30m,Animation
66,66. Lesbian Space Princess,7.4, (118),1h 27m,Animation
67,67. Diplodocus,6.3, (172),1h 30m,Animation
68,68. Blue Lock: Episode Nagi,6.6, (2.5K),1h 31m,Animation
69,69. 10 Lives,5.9, (1.9K),1h 28m,Animation
70,70. My Oni Girl,6.0, (1.7K),1h 52m,Animation
71,71. The Lost Tiger,7.8, (44),1h 30m,Animation
72,72. From Ground Zero,8.0, (525),1h 52m,Animation
73,73. Noah's Ark,4.3, (641),1h 36m,Animation
74,74. Ryan's World the Movie: Titan Universe Adventure,1.8, (683),1h 20m,Animation
75,75. Gracie and Pedro: Pets to the Rescue,5.1, (268),1h 27m,Animation
76,76. Exorcism Chronicles: The Beginning,7.2, (97),1h 25m,Animation
77,77. Super-Charlie,5.8, (112),1h 20m,Animation
78,78. Rebellious,6.0, (188),1h 34m,Animation
79,79. Kid Santa,N/A,N/A,"Rate
Mark as watched",Animation
80,80. Dalia y el Libro Rojo,6.4, (82),1h 47m,Animation
81,81. Boys Go to Jupiter,6.8, (94),1h 30m,Animation
82,82. Ghost Cat Anzu,6.5, (756),1h 37m,Animation
83,83. Detective Conan: The Million-Dollar Pentagram,6.7, (1.4K),1h 51m,Animation
84,84. I Am What I Am 2,7.5, (200),2h 14m,Animation
85,85. Jon Vardar protiv Galaksijata,8.3, (71),1h 26m,Animation
86,86. My Freaky Family,6.3, (400),1h 26m,Animation
87,87. Storm Crashers,6.2, (558),1h 28m,Animation
88,88. Baki Hanma VS Kengan Ashura,5.7, (1.9K),1h 2m,Animation
89,89. The Casagrandes Movie,5.6, (664),1h 29m,Animation
90,90. Taisu Xilie,N/A,N/A,1h 40m,Animation
91,91. Heartsping : Teenieping of Love,7.0, (23),"7.0
 (23)
Rate
Mark as watched",Animation
92,"92. Robotia, the Movie",7.6, (26),1h 26m,Animation
93,93. Where the Robots Grow,2.6, (513),"2.6
 (513)
Rate
Mark as watched",Animation
94,94. Mobile Suit Gundam SEED Freedom,6.6, (945),2h 4m,Animation
95,95. The Proud Princess,7.1, (108),1h 24m,Animation
96,96. Bocchi the Rock! Re:,7.6, (156),1h 30m,Animation
97,97. Sabbath Queen,8.0, (63),1h 45m,Animation
98,98. Mustafa,6.9, (72),1h 15m,Animation
99,99. Trapezium,6.4, (147),1h 42m,Animation
100,100. Kvitebjørn,5.9, (57),1h 25m,Animation
101,101. Niko: Beyond the Northern Lights,6.2, (326),1h 26m,Animation
102,102. SuperKlaus,4.3, (201),1h 28m,Animation
103,103. Sanatorium Under the Sign of the Hourglass,5.3, (109),1h 15m,Animation
104,104. The Quintessential Quintuplets Specials 2,6.9, (122),"6.9
 (122)
Rate
Mark as watched",Animation
105,105. Shrek 5: The Contract - A Fan Made Film,7.0, (19),1h 24m,Animation
106,106. Fox & Hare Save the Forest,5.9, (198),1h 11m,Animation
107,107. (S)KiDS,9.8, (82),1h 25m,Animation
108,108. Dead Dead Demon's Dededede Destruction,7.0, (143),2h,Animation
109,109. Kizumonogatari: Koyomi Vamp,7.0, (87),2h 24m,Animation
110,110. Big City Greens the Movie: Spacecation,6.2, (539),1h 23m,Animation
111,111. Si Juki the Movie: Harta Pulau Monyet,6.0, (115),1h 47m,Animation
112,"112. Maya, donne-moi un titre",6.4, (51),1h 1m,Animation
113,113. Little Emma,5.7, (108),1h 46m,Animation
114,114. Slocum et moi,7.4, (72),1h 15m,Animation
115,115. Panda Bear in Africa,5.5, (324),1h 24m,Animation
116,116. Elli and the Ghostly Ghost Train,5.0, (95),1h 26m,Animation
117,117. Uma Musume: Pretty Derby - Beginning of a New Era,7.3, (116),1h 48m,Animation
118,118. Ivan Tsarevich i Seryy Volk 6,5.6, (83),"5.6
 (83)
Rate
Mark as watched",Animation
119,119. My Redneck Neighbor: Chapter 2 - Let the Games Begin,N/A,N/A,"Rate
Mark as watched",Animation
120,120. Nintama Rantaro Dokutake Ninja-tai Saikyou no Gunshi,7.1, (17),1h 30m,Animation
121,121. Boonie Bears: Time Twist,6.0, (164),1h 45m,Animation
122,122. The Worlds Divide,8.0, (38),2h,Animation
123,123. Monkey King: The Beginning,N/A,N/A,"Rate
Mark as watched",Animation
124,124. Isla Monstro,8.6, (7),"8.6
 (7)
Rate
Mark as watched",Animation
125,125. Rock Bottom,6.9, (43),1h 26m,Animation
126,126. Bocchi the Rock! Re: Re:,8.0, (98),1h 17m,Animation
127,127. Dragon Ball Z Kai,8.5, (69),1h 22m,Animation
128,128. Captain Avispa,5.8, (173),1h 36m,Animation
129,129. Luntik. Vozvrashchenie domoy,6.4, (74),"6.4
 (74)
Rate
Mark as watched",Animation
130,130. Mariposas Negras,7.1, (49),1h 23m,Animation
131,131. PAPmusic - Animation for Fashion,1.0, (134),1h 25m,Animation
132,132. Transformers Prime: Galavatron's Revenge,3.4, (8),1h 44m,Animation
133,133. Living Large,7.0, (115),1h 20m,Animation
134,134. Fureru,6.0, (25),1h 47m,Animation
135,135. Masha i Medved v kino: Park chudes,7.6, (17),"7.6
 (17)
Rate
Mark as watched",Animation
136,136. Fuuto PI: Portrait of Kamen Rider Skull,7.4, (39),1h 22m,Animation
137,137. Steal the Naughty List,6.4, (118),1h 30m,Animation
138,"138. Die Heinzels: Neue Mützen, Neue Mission",6.4, (84),1h 16m,Animation
139,139. Schirkoa: In Lies We Trust,5.6, (158),1h 43m,Animation
140,140. Tay 2: Ebabil Takimi,5.2, (38),1h 18m,Animation
141,141. Yumi's Cells: The Movie,6.2, (49),1h 33m,Animation
142,142. The Storm,6.0, (139),1h 42m,Animation
143,143. Olivia & the Clouds,7.3, (47),1h 21m,Animation
144,144. Peppa's Cinema Party,5.1, (153),1h 5m,Animation
145,145. Il segreto di Liberato,7.3, (217),1h 30m,Animation
146,146. Woolina and the No Birds,8.6, (42),1h 20m,Animation
147,147. Rafadan Tayfa: Kapadokya,6.7, (118),1h 24m,Animation
148,148. Tri kota. Zimnie kanikuly,6.5, (30),1h 5m,Animation
149,149. Nie Xiaoqian,6.4, (16),1h 52m,Animation
150,150. The Big Trip 3: Race Around the World,5.7, (55),1h 25m,Animation
151,151. Angelo dans la forêt mystérieuse,6.0, (121),1h 21m,Animation
152,152. Nature Cat's Nature Movie Special Extraordinaire,7.3, (18),"7.3
 (18)
Rate
Mark as watched",Animation
153,153. Quo Vadis,6.6, (332),1h 30m,Animation
154,154. The Cheshire Cat,N/A,N/A,1h 4m,Animation
155,155. The Summer of Mermaid,9.1, (97),"9.1
 (97)
Rate
Mark as watched",Animation
156,156. A Few Moments of Cheers,7.1, (36),1h 8m,Animation
157,157. Pui Pui Molcar the Movie: Molmax,7.0, (9),1h 9m,Animation
158,158. Benjamin Bat,8.1, (28),1h 15m,Animation
159,159. Le parfum d'Irak,8.1, (41),1h 35m,Animation
160,160. Cille 2069,7.1, (92),"7.1
 (92)
Rate
Mark as watched",Animation
161,161. Double Tuckerr,5.0, (1.2K),2h,Animation
162,162. Hola Frida,7.2, (27),1h 22m,Animation
163,163. Askepote,3.5, (80),1h 12m,Animation
164,164. TWST: Things We Said Today,7.0, (44),1h 26m,Animation
165,165. Mochi-chon,9.0, (9),"9.0
 (9)
Rate
Mark as watched",Animation
166,166. Nothing Unusual,9.7, (12),1h 32m,Animation
167,167. Wonderful Precure! The Movie! Doki Doki Game no Sekai de Daiboken,6.8, (32),1h 11m,Animation
168,168. Out of the Nest,6.5, (108),1h 24m,Animation
169,169. Zak & Wowo: The Legend of Lendarys,5.7, (95),1h 25m,Animation
170,170. DreadClub: Vampire's Verdict,5.1, (58),"5.1
 (58)
Rate
Mark as watched",Animation
171,171. Meitantei Conan Bâsasu Kaitô Kiddo,6.1, (159),1h 21m,Animation
172,172. Teacher's Pet,5.5, (36),"5.5
 (36)
Rate
Mark as watched",Animation
173,173. Dikkie Dik 2: Een Nieuwe Vriend voor Dikkie Dik,7.4, (72),1h 10m,Animation
174,174. Norbert,6.6, (11),1h 15m,Animation
175,175. Abá e Sua Banda,7.9, (7),1h 24m,Animation
176,176. Kral Sakir: Devler Uyandi,5.4, (65),"5.4
 (65)
Rate
Mark as watched",Animation
177,177. Kuramerukagari,5.8, (80),1h 1m,Animation
178,"178. Silex and the City, le film",4.9, (50),1h 17m,Animation
179,179. Into the Mortal World,6.8, (148),1h 58m,Animation
180,180. Return,N/A,N/A,1h 30m,Animation
181,181. Dikkie Dik en de Verdwenen Knuffel,7.2, (129),1h 2m,Animation
182,182. Dinosaur Empire,N/A,N/A,"Rate
Mark as watched",Animation
183,183. COPS VS WHORES,N/A,N/A,"Rate
Mark as watched",Animation
184,184. Transformers: 40th Anniversary Event,7.2, (28),1h 36m,Animation
185,185. Appu,8.6, (181),1h 32m,Animation
186,186. Riki Rhino: The Bird Kingdom,5.1, (24),1h 49m,Animation
187,187. Motu Patlu & The Race to the Diamond Valley,7.8, (27),1h 12m,Animation
188,188. Tri bogatyrya. Ni dnya bez podviga,5.7, (66),1h 1m,Animation
189,189. The Greatest Surf Movie in the Universe,5.4, (8),1h 21m,Animation
190,190. Code Geass: Rozé of the Recapture - Part 1,7.7, (41),1h 14m,Animation
191,191. Spider-Man: Blue,5.9, (12),"5.9
 (12)
Rate
Mark as watched",Animation
192,192. Rocket Club: Across the Cosmos,8.4, (19),1h 8m,Animation
193,193. Mobile Suit Gundam: Silver Phantom,6.1, (13),1h 30m,Animation
194,194. Hello My Beautiful Creatures,6.8, (170),2h 22m,Animation
195,195. Uma & Haggen: Mitos,7.5, (46),1h 34m,Animation
196,196. Dead Dead Demon's Dededede Destruction Zenpen,7.1, (138),2h,Animation
197,197. Inazuma Eleven Movie: The Legendary Kickoff,N/A,N/A,"Rate
Mark as watched",Animation
198,198. Gujeyeog-eseo sal-a dol-aon dwaeji,5.2, (5),1h 45m,Animation
199,199. Rocky and Bullwinkle,9.1, (12),1h 40m,Animation
200,200. Adventures of Mickey Sherlock Mouse & Winnie the Pooh,4.9, (11),"4.9
 (11)
Rate
Mark as watched",Animation
201,201. Peppa Pig: Peppa's Adventures Around the World,N/A,N/A,"Rate
Mark as watched",Animation
202,202. The Umbrella Fairy,5.6, (50),1h 35m,Animation
203,203. Maxxie LaWow: Drag Super-shero,8.7, (58),1h 54m,Animation
204,204. Pleasant Goat and Big Big Wolf: The World Guardians,7.2, (12),1h 36m,Animation
205,205. Motu Patlu & The Rise of Zombies,6.6, (15),1h 14m,Animation
206,206. Inanimate Insanity II: The Movie,8.4, (230),1h 46m,Animation
207,207. Piril: Sayilarin Gizemi,9.0, (67),"9.0
 (67)
Rate
Mark as watched",Animation
208,208. Life with Quincy 3,N/A,N/A,1h 13m,Animation
209,209. 2475 Dawn of Revolution,6.3, (152),2h 7m,Animation
210,210. Animal Tales of Christmas Magic,6.8, (50),1h 12m,Animation
211,211. The Formula for Water,4.7, (29),1h 26m,Animation
212,212. Lilla spöket Laban spökar igen,6.1, (24),"6.1
 (24)
Rate
Mark as watched",Animation
213,213. Ugly Sweater,7.1, (13),1h 20m,Animation
214,214. The Puffins & the Magic Portal,7.6, (31),"7.6
 (31)
Rate
Mark as watched",Animation
215,215. Tobias and the Arcane Merchant,9.0, (43),2h 47m,Animation
216,216. Bizarros Peixes das Fossas Abissais,8.1, (12),1h 15m,Animation
217,217. Pikmin Forever,N/A,N/A,"Rate
Mark as watched",Animation
218,218. Code Geass: Rozé of the Recapture: Part 2,8.0, (27),1h 16m,Animation
219,219. Astra,6.8, (8),1h 20m,Animation
220,220. Love and Friendship,N/A,N/A,"Rate
Mark as watched",Animation
221,221. La Familia del Barrio: La Película,4.0, (6),"4.0
 (6)
Rate
Mark as watched",Animation
222,222. Zuzubalândia: O Filme,5.6, (10),1h,Animation
223,223. Love Live! Nijigasaki High School Idol Club Final Chapter Part 1,7.3, (13),"7.3
 (13)
Rate
Mark as watched",Animation
224,224. Luv You Shankar,5.8, (43),2h,Animation
225,225. Gintama on Theater 2D: Kintama-hen,N/A,N/A,1h 37m,Animation
226,226. Kaptan Pengu ve Arkadaslari 4: Buzuldaki Sir,5.4, (13),"5.4
 (13)
Rate
Mark as watched",Animation
227,227. Sunburnt Unicorn,7.2, (11),1h 21m,Animation
228,228. Dance with the Finless Promise,6.6, (19),"6.6
 (19)
Rate
Mark as watched",Animation
229,229. Max Beyond,6.6, (17),1h 33m,Animation
230,230. Penelope & Everly's Holiday Adventure,N/A,N/A,"Rate
Mark as watched",Animation
231,231. Terra Incognita 1901,9.2, (14),1h 18m,Animation
232,232. Bartali's Bicycle,N/A,N/A,1h 20m,Animation
233,233. The Delegator,4.2, (17),1h 36m,Animation
234,234. Iris the Movie: Full Energy!!,7.3, (7),"7.3
 (7)
Rate
Mark as watched",Animation
235,235. Bob a Bobek ve filmu: Na stope Mrkvojeda,8.7, (18),1h 20m,Animation
236,236. Day of the Diesels,7.2, (9),1h 40m,Animation
237,237. Skullmaster: The Warrior of Havoc,N/A,N/A,"Rate
Mark as watched",Animation
238,238. Ya Boy Kongming! Road to Summer Sonia,7.5, (39),1h 59m,Animation
239,239. Operation Terra Sol -3,N/A,N/A,"Rate
Mark as watched",Animation
240,240. Inazuma Eleven the Movie: Prologue to the New Heroes,N/A,N/A,"Rate
Mark as watched",Animation
241,241. The Car Acrobatic Team Saga,7.2, (10),1h 52m,Animation
242,242. Treasure Fellowship,N/A,N/A,1h 26m,Animation
243,243. Be Forever Yamato: Rebel 3199: Part 2: The Assault of the Burning Sun,N/A,N/A,1h 37m,Animation
244,244. Nasreddin Hoca: Zaman Yolcusu - Kadim Medeniyetler,7.7, (12),1h 18m,Animation
245,245. Zegapain STA,N/A,N/A,1h 30m,Animation
246,246. Be Forever Yamato: Rebel 3199: Part 1: Dark Invasion,7.0, (9),"7.0
 (9)
Rate
Mark as watched",Animation
247,247. Isle: Alpha One,8.4, (7),1h 37m,Animation
248,248. Arne Alligator och djungelkompisarna,4.6, (48),1h 1m,Animation
249,249. The Guardians: The Chosen Ones,N/A,N/A,"Rate
Mark as watched",Animation
250,250. Apocalypse Love,N/A,N/A,"Rate
Mark as watched",Animation
251,251. Ekip: Siberay - Günes Firtinasi,6.0, (14),1h 12m,Animation
252,252. Let Them Breathe: City on the Ocean,N/A,N/A,1h 52m,Animation
253,253. Alex and Mia's Awesome Movie!!,N/A,N/A,1h 15m,Animation
254,254. The Littlest Angel 2: Lily Has a Secret,N/A,N/A,1h 24m,Animation
255,255. Gintama the Movie 2D: Courtesan of the Nation Arc,7.8, (5),1h 49m,Animation
256,256. Happy Little Submarine: 80 Days Around the Earth,N/A,N/A,1h 20m,Animation
257,257. Harmonie,N/A,N/A,1h 14m,Animation
258,258. The Burgger and Frogger Movie,N/A,N/A,"Rate
Mark as watched",Animation
259,259. Gill,N/A,N/A,1h 44m,Animation
260,260. LUDA,7.2, (6),1h 26m,Animation
261,261. Nefertiti the Queen of Hearts,N/A,N/A,1h 29m,Animation
262,262. The Fifth Element,N/A,N/A,"Rate
Mark as watched",Animation
263,263. Kittened,N/A,N/A,"Rate
Mark as watched",Animation
264,264. Our Crazy Love,N/A,N/A,1h 26m,Animation
265,265. Bloody Escape: Bats out of Hell,5.6, (31),1h 40m,Animation
266,266. Code Geass: Rozé of the Recapture: Part 4,7.0, (14),1h 10m,Animation
267,267. Balentes,N/A,N/A,1h 10m,Animation
268,268. Ganbatte Ikimasshoi,5.0, (12),"5.0
 (12)
Rate
Mark as watched",Animation
269,269. Eiga Shimajiro Miracle-jima no Nanairo Carnation,N/A,N/A,1h 10m,Animation
270,270. There's Something About Knuckles Saga,N/A,N/A,"Rate
Mark as watched",Animation
271,271. Velký Pán,7.0, (8),1h 13m,Animation
272,272. Jin Ling Yu Mao,N/A,N/A,1h 37m,Animation
273,273. Turbozavry. God drakona,9.2, (43),"9.2
 (43)
Rate
Mark as watched",Animation
274,274. Sufunkan no Yell o,7.0, (6),"7.0
 (6)
Rate
Mark as watched",Animation
275,275. Bread Barbershop: Celeb in Bakery Town,N/A,N/A,1h 17m,Animation
276,276. Dante's Divine Comedy,N/A,N/A,"Rate
Mark as watched",Animation
277,277. Fleischer Cartoons: The Art & Inventions of Max Fleischer,N/A,N/A,1h 2m,Animation
278,278. Boundearth,N/A,N/A,1h 48m,Animation
279,279. Skazochnyy patrul. Shou prodolzhayetsya,7.2, (11),1h 5m,Animation
280,280. Sinoalice: The Very Last Story,N/A,N/A,1h 14m,Animation
281,281. The Ballad of Straw Hat Sam,9.2, (10),"9.2
 (10)
Rate
Mark as watched",Animation
282,282. Le mystère de Waza,N/A,N/A,"Rate
Mark as watched",Animation
283,283. Code Geass: Rozé of the Recapture: Part 3,7.6, (24),1h 16m,Animation
284,284. Robo Puffin,N/A,N/A,"Rate
Mark as watched",Animation
285,285. Black Butterflies,N/A,N/A,"Rate
Mark as watched",Animation
286,286. Marvel's Civil War Full Comic Dub Movie,N/A,N/A,1h 15m,Animation
287,287. Thanksgiving in Wonderland,N/A,N/A,1h 5m,Animation
288,288. Rabbits Kingdom the Movie,N/A,N/A,1h 34m,Animation
289,289. Tied Up,N/A,N/A,"Rate
Mark as watched",Animation
290,290. Ninja Doomscrolling,8.1, (102),1h 36m,Animation
291,291. Rudra & Return of King Makoonga,N/A,N/A,"Rate
Mark as watched",Animation
292,292. Bigfoot in Wonderland,N/A,N/A,1h 1m,Animation
293,293. King of Prism: Dramatic Prism 1,N/A,N/A,1h,Animation
294,294. Alla conquista del mondo,7.2, (26),"7.2
 (26)
Rate
Mark as watched",Animation
295,295. Eiga Oshiri Tantei Saraba Itoshiki Aibô (Oshiri) yo,N/A,N/A,1h 11m,Animation
296,296. Ba Jie,N/A,N/A,"Rate
Mark as watched",Animation
297,297. The Things I Have Seen,N/A,N/A,1h 30m,Animation
298,298. Cacophony the Animated Movie,N/A,N/A,1h 21m,Animation
299,299. Broken Glass,N/A,N/A,"Rate
Mark as watched",Animation
300,300. The Monkey King Conquers Monsters,N/A,N/A,1h 30m,Animation
301,301. Cordélicos,N/A,N/A,1h 8m,Animation
302,302. Satan Kingdom Babylon,N/A,N/A,1h 17m,Animation
303,"303. Hey, Tete",6.4, (9),2h 31m,Animation
304,304. Dinonauts,N/A,N/A,1h 17m,Animation
305,305. Papercuts - My Life as an Indie Animator,N/A,N/A,1h 27m,Animation
306,306. Kek 2,N/A,N/A,1h 38m,Animation
307,307. The Puffins: Arctic Games,N/A,N/A,"Rate
Mark as watched",Animation
308,308. Fat Chance! the Movie,7.6, (6),"7.6
 (6)
Rate
Mark as watched",Animation
309,309. Naani Krissh's Jai Shree Ram,N/A,N/A,"Rate
Mark as watched",Animation
310,310. Magic Birds: I magiki pagida,N/A,N/A,1h 40m,Animation
311,311. Little Richard the Shark,N/A,N/A,"Rate
Mark as watched",Animation
312,312. Sirds likums,6.8, (17),1h 5m,Animation
313,313. Daughters of Monster Magnet,N/A,N/A,"Rate
Mark as watched",Animation
314,314. The Barkers Pursuit of Adventure,N/A,N/A,"Rate
Mark as watched",Animation
315,315. Mult v kino. Vypusk # 170: Vsyo luchshee - druzyam,N/A,N/A,"Rate
Mark as watched",Animation
316,316. Bogyó és Babóca 6. - Csengettyuk,7.8, (13),"7.8
 (13)
Rate
Mark as watched",Animation
317,317. The Elf Who Saved Christmas,N/A,N/A,1h 2m,Animation
318,318. Let's Go! Anpanman: Baikinman and Lulun,6.5, (7),1h 4m,Animation
319,319. Memory Hotel,N/A,N/A,1h 40m,Animation
320,320. Bear Kid: Super Hero,N/A,N/A,1h 20m,Animation
321,321. Becho,7.2, (10),"7.2
 (10)
Rate
Mark as watched",Animation
322,322. Ramayan the Hero's Path,N/A,N/A,"Rate
Mark as watched",Animation
323,323. Crazy Train,N/A,N/A,1h 35m,Animation
324,324. Young doctor's notes,N/A,N/A,1h 26m,Animation
325,325. Symphony of the Eyes,N/A,N/A,"Rate
Mark as watched",Animation
326,326. Apperception,N/A,N/A,1h 2m,Animation
327,327. Poder Del Pueblo,N/A,N/A,1h 24m,Animation
328,328. Terrors,N/A,N/A,1h 5m,Animation
329,329. Golmaal Jr: Humshakals Ka Golmaal,N/A,N/A,"Rate
Mark as watched",Animation
330,330. Plastic,N/A,N/A,1h 2m,Animation
331,331. Nefertiti Regina Inimilor,N/A,N/A,1h 29m,Animation
332,332. 1963,N/A,N/A,"Rate
Mark as watched",Animation
333,333. Mult v kino. Vypusk # 175,N/A,N/A,"Rate
Mark as watched",Animation
334,334. Nancy & Bill: The Story Before Oliver Twist,N/A,N/A,"Rate
Mark as watched",Animation
335,335. Snow White's Storytime: The Wishing-Stone Stories,N/A,N/A,4h 56m,Animation
336,336. Genjitsu no Yohane -Sunshine in the Mirror- Movie,N/A,N/A,1h 29m,Animation
337,337. The Halloween Shark,N/A,N/A,1h 9m,Animation
338,338. Abandoned,N/A,N/A,"Rate
Mark as watched",Animation
339,339. Healing for the Nations,N/A,N/A,"Rate
Mark as watched",Animation
340,340. Toto's Christmas in Oz,N/A,N/A,1h 5m,Animation
341,"341. Minsky, the little helper robot",N/A,N/A,"Rate
Mark as watched",Animation
342,342. The Grump's Christmas,N/A,N/A,1h 5m,Animation
343,343. The Veyshal Movie,N/A,N/A,2h,Animation
344,344. Bie ba zuo wen dang hui shi er,7.2, (11),1h 29m,Animation
345,345. Mult v kino. Vypusk # 167: Fokus-pokus,N/A,N/A,"Rate
Mark as watched",Animation
346,346. Elif ve Arkadaslari 2: Perisler,N/A,N/A,"Rate
Mark as watched",Animation
347,347. Tobia e i colori del mondo,N/A,N/A,"Rate
Mark as watched",Animation
348,348. The Redemption of Zack & Heather (Remastered),N/A,N/A,"Rate
Mark as watched",Animation
349,349. Skazochnyy patrul,N/A,N/A,1h 15m,Animation
350,350. Blossomele,N/A,N/A,"Rate
Mark as watched",Animation
351,351. Five Nights at TK's: The Curse of TK,N/A,N/A,1h,Animation
352,352. The Witch Doll of Aliester Croweley,N/A,N/A,"Rate
Mark as watched",Animation
353,353. Ilia Jostojooye Ghahreman,N/A,N/A,"Rate
Mark as watched",Animation
354,354. The Christmas Shark,N/A,N/A,1h 3m,Animation
355,355. Gg Bond: Interstellar Action,N/A,N/A,"Rate
Mark as watched",Animation
356,356. Outcome,N/A,N/A,"Rate
Mark as watched",Animation
357,"357. Abenzaidún y Wallada, amor eterno",N/A,N/A,1h 7m,Animation
358,358. Collection Ansorge,N/A,N/A,1h 30m,Animation
359,359. Métasexe,N/A,N/A,"Rate
Mark as watched",Animation
360,"360. The Wizard and the Scholar (or, a Rapscallion Runs Amok in Rye)",N/A,N/A,1h 3m,Animation
361,361. Ba Jie Zhi Tian Peng Xia Jie,N/A,N/A,"Rate
Mark as watched",Animation
362,362. Sunny,N/A,N/A,"Rate
Mark as watched",Animation
363,363. Fishtales: The Christmas Whale,N/A,N/A,1h 5m,Animation
364,364. Psycho City: The Movie,N/A,N/A,1h 57m,Animation
365,365. Um Tempo de Todos,N/A,N/A,2h 12m,Animation
366,366. Imam Hussein the Majestic Sacrifice,N/A,N/A,"Rate
Mark as watched",Animation
367,367. Psycho World Tournament,N/A,N/A,"Rate
Mark as watched",Animation
368,368. The Photographer,N/A,N/A,"Rate
Mark as watched",Animation
369,369. Pikmin Destruction,N/A,N/A,1h 35m,Animation
370,370. Mutation X,N/A,N/A,"Rate
Mark as watched",Animation
371,371. Huang Pi: God of Money,N/A,N/A,1h 22m,Animation
372,372. Diego of the Dead 2,N/A,N/A,1h,Animation
373,373. Untitled Ambition: The Journey to Valtoria,N/A,N/A,"Rate
Mark as watched",Animation
374,374. Broken oath Chapter #2 Blood Bath on City Island,N/A,N/A,1h 30m,Animation
375,375. Gift,N/A,N/A,"Rate
Mark as watched",Animation
376,376. Kustomonsters 3,N/A,N/A,"Rate
Mark as watched",Animation
377,377. Slides for the Lecture-Performance,N/A,N/A,"Rate
Mark as watched",Animation
378,378. Cekárna,N/A,N/A,"Rate
Mark as watched",Animation
379,379. Era un soñador,N/A,N/A,1h 5m,Animation
380,380. Mel John,N/A,N/A,1h 55m,Animation
381,381. Mission to Pisom,N/A,N/A,"Rate
Mark as watched",Animation
382,382. Criaturas Sorridentes,N/A,N/A,"Rate
Mark as watched",Animation
383,383. Despierta tu alma,N/A,N/A,"Rate
Mark as watched",Animation
384,384. Mei Ren Yu De Xia Tian,N/A,N/A,"Rate
Mark as watched",Animation
385,385. Tax on Cigarettes,N/A,N/A,"Rate
Mark as watched",Animation
386,386. Calico Rebellion,N/A,N/A,1h 10m,Animation
387,387. People Power,N/A,N/A,1h 24m,Animation
388,388. Bonehead: A Fortnite Legend,N/A,N/A,1h 46m,Animation
389,389. Unhappy 25 Years Little Brat,N/A,N/A,"Rate
Mark as watched",Animation
390,390. Mult v kino. Vypusk # 168: Idyom na piknik!,N/A,N/A,"Rate
Mark as watched",Animation
391,391. World of Sathvik and his friends : The Cursed Pumpkin,N/A,N/A,"Rate
Mark as watched",Animation
392,392. NJPW SMP: The Movie,N/A,N/A,"Rate
Mark as watched",Animation
393,393. Happylittle Submarine: The Adventure with Dragon,N/A,N/A,"Rate
Mark as watched",Animation
394,394. Fairytale Fun Force Storytime: Happy Jack,N/A,N/A,2h 39m,Animation
395,395. Milk Teeth - Essere bambine in Afghanistan,N/A,N/A,"Rate
Mark as watched",Animation
396,396. Ali's Dream Castle,N/A,N/A,"Rate
Mark as watched",Animation
397,397. Baby Pillows,N/A,N/A,"Rate
Mark as watched",Animation
398,398. My Time to Make It Happen: As Told by Tiana Melvina,N/A,N/A,"Rate
Mark as watched",Animation
399,399. Mult v kino. Vypusk # 165: Multikov vsegda malo,N/A,N/A,"Rate
Mark as watched",Animation
400,400. Frost: End of the Ashics,N/A,N/A,"Rate
Mark as watched",Animation
